"Add","Keyword","Search Volume (Global)","CPC (Global)","Competition (Global)","Mar 31 - Apr 6, 2024 (Global)","Mar 24 - 30, 2024 (Global)","Mar 17 - 23, 2024 (Global)","Mar 10 - 16, 2024 (Global)","Mar 3 - 9, 2024 (Global)","Feb 25 - Mar 2, 2024 (Global)","Feb 18 - 24, 2024 (Global)","Feb 11 - 17, 2024 (Global)","Feb 4 - 10, 2024 (Global)","Jan 28 - Feb 3, 2024 (Global)","Jan 21 - 27, 2024 (Global)","Jan 14 - 20, 2024 (Global)","Jan 7 - 13, 2024 (Global)","Dec 31, 2023 - Jan 6, 2024 (Global)","Dec 24 - 30, 2023 (Global)","Dec 17 - 23, 2023 (Global)","Dec 10 - 16, 2023 (Global)","Dec 3 - 9, 2023 (Global)","Nov 26 - Dec 2, 2023 (Global)","Nov 19 - 25, 2023 (Global)","Nov 12 - 18, 2023 (Global)","Nov 5 - 11, 2023 (Global)","Oct 29 - Nov 4, 2023 (Global)","Oct 22 - 28, 2023 (Global)","Oct 15 - 21, 2023 (Global)","Oct 8 - 14, 2023 (Global)","Oct 1 - 7, 2023 (Global)","Sep 24 - 30, 2023 (Global)","Sep 17 - 23, 2023 (Global)","Sep 10 - 16, 2023 (Global)","Sep 3 - 9, 2023 (Global)","Aug 27 - Sep 2, 2023 (Global)","Aug 20 - 26, 2023 (Global)","Aug 13 - 19, 2023 (Global)","Aug 6 - 12, 2023 (Global)","Jul 30 - Aug 5, 2023 (Global)","Jul 23 - 29, 2023 (Global)","Jul 16 - 22, 2023 (Global)","Jul 9 - 15, 2023 (Global)","Jul 2 - 8, 2023 (Global)","Jun 25 - Jul 1, 2023 (Global)","Jun 18 - 24, 2023 (Global)","Jun 11 - 17, 2023 (Global)","Jun 4 - 10, 2023 (Global)","May 28 - Jun 3, 2023 (Global)","May 21 - 27, 2023 (Global)","May 14 - 20, 2023 (Global)","May 7 - 13, 2023 (Global)","Apr 30 - May 6, 2023 (Global)","Apr 23 - 29, 2023 (Global)","Apr 16 - 22, 2023 (Global)","Apr 9 - 15, 2023 (Global)","Apr 2 - 8, 2023 (Global)","Mar 26 - Apr 1, 2023 (Global)","Mar 19 - 25, 2023 (Global)","Mar 12 - 18, 2023 (Global)","Mar 5 - 11, 2023 (Global)","Feb 26 - Mar 4, 2023 (Global)","Feb 19 - 25, 2023 (Global)","Feb 12 - 18, 2023 (Global)","Feb 5 - 11, 2023 (Global)","Jan 29 - Feb 4, 2023 (Global)","Jan 22 - 28, 2023 (Global)","Jan 15 - 21, 2023 (Global)","Jan 8 - 14, 2023 (Global)","Jan 1 - 7, 2023 (Global)","Dec 25 - 31, 2022 (Global)","Dec 18 - 24, 2022 (Global)","Dec 11 - 17, 2022 (Global)","Dec 4 - 10, 2022 (Global)","Nov 27 - Dec 3, 2022 (Global)","Nov 20 - 26, 2022 (Global)","Nov 13 - 19, 2022 (Global)","Nov 6 - 12, 2022 (Global)","Oct 30 - Nov 5, 2022 (Global)","Oct 23 - 29, 2022 (Global)","Oct 16 - 22, 2022 (Global)","Oct 9 - 15, 2022 (Global)","Oct 2 - 8, 2022 (Global)","Sep 25 - Oct 1, 2022 (Global)","Sep 18 - 24, 2022 (Global)","Sep 11 - 17, 2022 (Global)","Sep 4 - 10, 2022 (Global)","Aug 28 - Sep 3, 2022 (Global)","Aug 21 - 27, 2022 (Global)","Aug 14 - 20, 2022 (Global)","Aug 7 - 13, 2022 (Global)","Jul 31 - Aug 6, 2022 (Global)","Jul 24 - 30, 2022 (Global)","Jul 17 - 23, 2022 (Global)","Jul 10 - 16, 2022 (Global)","Jul 3 - 9, 2022 (Global)","Jun 26 - Jul 2, 2022 (Global)","Jun 19 - 25, 2022 (Global)","Jun 12 - 18, 2022 (Global)","Jun 5 - 11, 2022 (Global)","May 29 - Jun 4, 2022 (Global)","May 22 - 28, 2022 (Global)","May 15 - 21, 2022 (Global)","May 8 - 14, 2022 (Global)","May 1 - 7, 2022 (Global)","Apr 24 - 30, 2022 (Global)","Apr 17 - 23, 2022 (Global)","Apr 10 - 16, 2022 (Global)","Apr 3 - 9, 2022 (Global)","Mar 27 - Apr 2, 2022 (Global)","Mar 20 - 26, 2022 (Global)","Mar 13 - 19, 2022 (Global)","Mar 6 - 12, 2022 (Global)","Feb 27 - Mar 5, 2022 (Global)","Feb 20 - 26, 2022 (Global)","Feb 13 - 19, 2022 (Global)","Feb 6 - 12, 2022 (Global)","Jan 30 - Feb 5, 2022 (Global)","Jan 23 - 29, 2022 (Global)","Jan 16 - 22, 2022 (Global)","Jan 9 - 15, 2022 (Global)","Jan 2 - 8, 2022 (Global)","Dec 26, 2021 - Jan 1, 2022 (Global)","Dec 19 - 25, 2021 (Global)","Dec 12 - 18, 2021 (Global)","Dec 5 - 11, 2021 (Global)","Nov 28 - Dec 4, 2021 (Global)","Nov 21 - 27, 2021 (Global)","Nov 14 - 20, 2021 (Global)","Nov 7 - 13, 2021 (Global)","Oct 31 - Nov 6, 2021 (Global)","Oct 24 - 30, 2021 (Global)","Oct 17 - 23, 2021 (Global)","Oct 10 - 16, 2021 (Global)","Oct 3 - 9, 2021 (Global)","Sep 26 - Oct 2, 2021 (Global)","Sep 19 - 25, 2021 (Global)","Sep 12 - 18, 2021 (Global)","Sep 5 - 11, 2021 (Global)","Aug 29 - Sep 4, 2021 (Global)","Aug 22 - 28, 2021 (Global)","Aug 15 - 21, 2021 (Global)","Aug 8 - 14, 2021 (Global)","Aug 1 - 7, 2021 (Global)","Jul 25 - 31, 2021 (Global)","Jul 18 - 24, 2021 (Global)","Jul 11 - 17, 2021 (Global)","Jul 4 - 10, 2021 (Global)","Jun 27 - Jul 3, 2021 (Global)","Jun 20 - 26, 2021 (Global)","Jun 13 - 19, 2021 (Global)","Jun 6 - 12, 2021 (Global)","May 30 - Jun 5, 2021 (Global)","May 23 - 29, 2021 (Global)","May 16 - 22, 2021 (Global)","May 9 - 15, 2021 (Global)","May 2 - 8, 2021 (Global)","Apr 25 - May 1, 2021 (Global)","Apr 18 - 24, 2021 (Global)","Apr 11 - 17, 2021 (Global)","Apr 4 - 10, 2021 (Global)","Mar 28 - Apr 3, 2021 (Global)","Mar 21 - 27, 2021 (Global)","Mar 14 - 20, 2021 (Global)","Mar 7 - 13, 2021 (Global)","Feb 28 - Mar 6, 2021 (Global)","Feb 21 - 27, 2021 (Global)","Feb 14 - 20, 2021 (Global)","Feb 7 - 13, 2021 (Global)","Jan 31 - Feb 6, 2021 (Global)","Jan 24 - 30, 2021 (Global)","Jan 17 - 23, 2021 (Global)","Jan 10 - 16, 2021 (Global)","Jan 3 - 9, 2021 (Global)","Dec 27, 2020 - Jan 2, 2021 (Global)","Dec 20 - 26, 2020 (Global)","Dec 13 - 19, 2020 (Global)","Dec 6 - 12, 2020 (Global)","Nov 29 - Dec 5, 2020 (Global)","Nov 22 - 28, 2020 (Global)","Nov 15 - 21, 2020 (Global)","Nov 8 - 14, 2020 (Global)","Nov 1 - 7, 2020 (Global)","Oct 25 - 31, 2020 (Global)","Oct 18 - 24, 2020 (Global)","Oct 11 - 17, 2020 (Global)","Oct 4 - 10, 2020 (Global)","Sep 27 - Oct 3, 2020 (Global)","Sep 20 - 26, 2020 (Global)","Sep 13 - 19, 2020 (Global)","Sep 6 - 12, 2020 (Global)","Aug 30 - Sep 5, 2020 (Global)","Aug 23 - 29, 2020 (Global)","Aug 16 - 22, 2020 (Global)","Aug 9 - 15, 2020 (Global)","Aug 2 - 8, 2020 (Global)","Jul 26 - Aug 1, 2020 (Global)","Jul 19 - 25, 2020 (Global)","Jul 12 - 18, 2020 (Global)","Jul 5 - 11, 2020 (Global)","Jun 28 - Jul 4, 2020 (Global)","Jun 21 - 27, 2020 (Global)","Jun 14 - 20, 2020 (Global)","Jun 7 - 13, 2020 (Global)","May 31 - Jun 6, 2020 (Global)","May 24 - 30, 2020 (Global)","May 17 - 23, 2020 (Global)","May 10 - 16, 2020 (Global)","May 3 - 9, 2020 (Global)","Apr 26 - May 2, 2020 (Global)","Apr 19 - 25, 2020 (Global)","Apr 12 - 18, 2020 (Global)","Apr 5 - 11, 2020 (Global)","Mar 29 - Apr 4, 2020 (Global)","Mar 22 - 28, 2020 (Global)","Mar 15 - 21, 2020 (Global)","Mar 8 - 14, 2020 (Global)","Mar 1 - 7, 2020 (Global)","Feb 23 - 29, 2020 (Global)","Feb 16 - 22, 2020 (Global)","Feb 9 - 15, 2020 (Global)","Feb 2 - 8, 2020 (Global)","Jan 26 - Feb 1, 2020 (Global)","Jan 19 - 25, 2020 (Global)","Jan 12 - 18, 2020 (Global)","Jan 5 - 11, 2020 (Global)","Dec 29, 2019 - Jan 4, 2020 (Global)","Dec 22 - 28, 2019 (Global)","Dec 15 - 21, 2019 (Global)","Dec 8 - 14, 2019 (Global)","Dec 1 - 7, 2019 (Global)","Nov 24 - 30, 2019 (Global)","Nov 17 - 23, 2019 (Global)","Nov 10 - 16, 2019 (Global)","Nov 3 - 9, 2019 (Global)","Oct 27 - Nov 2, 2019 (Global)","Oct 20 - 26, 2019 (Global)","Oct 13 - 19, 2019 (Global)","Oct 6 - 12, 2019 (Global)","Sep 29 - Oct 5, 2019 (Global)","Sep 22 - 28, 2019 (Global)","Sep 15 - 21, 2019 (Global)","Sep 8 - 14, 2019 (Global)","Sep 1 - 7, 2019 (Global)","Aug 25 - 31, 2019 (Global)","Aug 18 - 24, 2019 (Global)","Aug 11 - 17, 2019 (Global)","Aug 4 - 10, 2019 (Global)","Jul 28 - Aug 3, 2019 (Global)","Jul 21 - 27, 2019 (Global)","Jul 14 - 20, 2019 (Global)","Jul 7 - 13, 2019 (Global)","Jun 30 - Jul 6, 2019 (Global)","Jun 23 - 29, 2019 (Global)","Jun 16 - 22, 2019 (Global)","Jun 9 - 15, 2019 (Global)","Jun 2 - 8, 2019 (Global)","May 26 - Jun 1, 2019 (Global)","May 19 - 25, 2019 (Global)","May 12 - 18, 2019 (Global)","May 5 - 11, 2019 (Global)","Apr 28 - May 4, 2019 (Global)","Apr 21 - 27, 2019 (Global)","Apr 14 - 20, 2019 (Global)","Apr 7 - 13, 2019 (Global)","Mar 31 - Apr 6, 2019 (Global)"
"","brentford","823,000","$0.13","0.01","435,000","235,000","25,000","120,000","255,000","250,000","365,000","205,000","385,000","170,000","40,000","225,000","30,000","120,000","175,000","100,000","25,000","100,000","80,000","215,000","140,000","40,000","90,000","150,000","45,000","55,000","250,000","155,000","90,000","90,000","25,000","85,000","75,000","300,000","65,000","90,000","135,000","35,000","25,000","25,000","25,000","25,000","25,000","25,000","165,000","40,000","160,000","40,000","160,000","210,000","55,000","75,000","250,000","55,000","25,000","115,000","185,000","35,000","30,000","85,000","170,000","50,000","65,000","40,000","100,000","405,000","265,000","30,000","15,000","15,000","15,000","15,000","55,000","210,000","30,000","75,000","125,000","100,000","50,000","25,000","145,000","35,000","40,000","140,000","80,000","210,000","495,000","45,000","30,000","25,000","30,000","30,000","20,000","15,000","15,000","15,000","15,000","40,000","85,000","25,000","290,000","25,000","100,000","70,000","60,000","145,000","40,000","30,000","60,000","45,000","70,000","75,000","90,000","60,000","40,000","300,000","65,000","45,000","165,000","115,000","60,000","90,000","125,000","25,000","25,000","20,000","50,000","85,000","50,000","140,000","60,000","70,000","215,000","55,000","25,000","25,000","70,000","100,000","500,000","25,000","125,000","20,000","20,000","20,000","15,000","15,000","15,000","15,000","65,000","145,000","60,000","20,000","20,000","30,000","25,000","15,000","15,000","15,000","5,000","30,000","15,000","15,000","15,000","25,000","15,000","20,000","40,000","20,000","10,000","165,000","20,000","45,000","15,000","10,000","15,000","10,000","5,000","10,000","10,000","10,000","15,000","10,000","15,000","30,000","25,000","20,000","20,000","10,000","10,000","10,000","15,000","200,000","145,000","40,000","55,000","30,000","25,000","25,000","15,000","25,000","5,000","5,000","5,000","5,000","5,000","5,000","5,000","10,000","5,000","10,000","5,000","5,000","5,000","15,000","10,000","15,000","20,000","10,000","15,000","25,000","10,000","15,000","10,000","10,000","5,000","10,000","10,000","10,000","5,000","5,000","5,000","15,000","10,000","5,000","5,000","10,000","5,000","5,000","5,000","5,000","10,000","15,000","10,000","15,000","10,000","5,000","10,000","10,000","5,000","5,000","0","5,000","10,000","10,000","10,000","5,000","10,000","10,000","5,000","10,000","10,000","5,000"
"","arsenal","24,900,000","$0.08","0","31,875,000","4,781,300","4,462,500","13,387,500","10,837,500","5,100,000","11,475,000","8,925,000","8,606,300","6,693,800","3,825,000","5,737,500","7,968,800","6,693,800","9,243,800","9,881,300","6,693,800","10,200,000","7,968,800","6,056,300","3,825,000","7,331,300","8,606,300","8,606,300","7,650,000","8,925,000","6,693,800","10,200,000","9,881,300","3,506,300","9,243,800","5,418,800","9,881,300","5,418,800","12,431,300","6,693,800","12,750,000","13,706,300","7,012,500","5,737,500","5,737,500","5,100,000","4,781,300","3,825,000","5,100,000","4,462,500","9,881,300","7,650,000","9,881,300","15,937,500","12,431,300","9,881,300","5,418,800","6,375,000","7,012,500","10,837,500","8,287,500","10,518,800","6,693,800","14,025,000","6,056,300","7,968,800","16,256,300","11,475,000","8,287,500","8,287,500","10,200,000","3,506,300","4,462,500","4,143,800","2,868,800","3,506,300","3,506,300","9,562,500","7,331,300","6,693,800","8,925,000","10,518,800","6,056,300","6,056,300","5,418,800","4,143,800","11,156,300","9,881,300","8,925,000","8,606,300","8,287,500","10,200,000","8,925,000","9,243,800","6,375,000","6,693,800","5,737,500","5,100,000","4,143,800","3,506,300","3,506,300","4,781,300","7,012,500","7,968,800","5,737,500","4,781,300","8,606,300","4,462,500","7,331,300","3,825,000","4,143,800","8,925,000","5,418,800","4,781,300","6,056,300","4,143,800","4,781,300","4,462,500","5,418,800","6,375,000","7,968,800","5,100,000","6,375,000","5,418,800","6,375,000","5,418,800","6,693,800","3,825,000","5,100,000","4,462,500","3,506,300","5,100,000","6,375,000","3,187,500","3,187,500","7,012,500","4,143,800","3,825,000","4,143,800","5,737,500","11,475,000","5,737,500","8,606,300","6,056,300","4,143,800","4,462,500","6,056,300","4,143,800","3,825,000","3,506,300","3,506,300","3,825,000","3,825,000","4,143,800","4,143,800","6,693,800","6,375,000","5,100,000","6,056,300","6,056,300","4,462,500","4,462,500","4,781,300","7,012,500","4,462,500","5,418,800","6,693,800","6,375,000","3,825,000","7,012,500","7,331,300","6,693,800","5,418,800","5,737,500","6,693,800","8,925,000","7,968,800","6,375,000","5,737,500","5,418,800","3,187,500","4,143,800","6,056,300","6,693,800","5,100,000","5,418,800","7,331,300","10,837,500","6,693,800","7,331,300","7,331,300","6,375,000","9,881,300","6,056,300","5,418,800","6,693,800","9,562,500","7,012,500","12,750,000","6,693,800","8,287,500","7,012,500","7,968,800","3,506,300","3,187,500","2,868,800","2,868,800","2,868,800","2,550,000","2,868,800","2,550,000","2,868,800","2,550,000","2,868,800","3,187,500","2,868,800","4,143,800","6,056,300","7,650,000","6,375,000","3,187,500","4,143,800","6,375,000","7,012,500","5,100,000","7,012,500","9,243,800","6,056,300","8,287,500","7,331,300","6,693,800","7,331,300","3,825,000","3,506,300","6,375,000","10,837,500","6,693,800","3,187,500","4,143,800","7,012,500","6,375,000","5,418,800","3,187,500","5,737,500","4,462,500","7,012,500","7,012,500","11,475,000","8,606,300","9,243,800","8,925,000","5,100,000","4,462,500","3,825,000","3,825,000","3,825,000","3,825,000","10,200,000","4,143,800","4,143,800","7,331,300","5,737,500","6,056,300","6,375,000","4,781,300","5,418,800"
"","manchester united","37,200,000","$0.18","0","9,007,400","6,192,600","9,570,400","5,066,700","8,725,900","7,600,000","9,288,900","6,755,600","7,037,000","8,444,400","5,066,700","7,600,000","7,318,500","5,629,600","12,666,700","8,725,900","9,007,400","10,133,300","14,918,500","4,785,200","4,785,200","10,414,800","15,200,000","8,444,400","7,881,500","6,192,600","11,540,700","11,259,300","13,229,600","7,037,000","8,725,900","8,163,000","9,570,400","16,888,900","9,570,400","12,666,700","19,140,700","13,511,100","8,725,900","7,600,000","6,755,600","6,474,100","7,600,000","7,318,500","14,637,000","10,133,300","8,725,900","10,414,800","10,977,800","14,074,100","13,792,600","10,414,800","12,666,700","6,474,100","9,570,400","12,666,700","18,859,300","20,829,600","23,363,000","21,111,100","11,540,700","14,918,500","17,170,400","11,259,300","14,918,500","12,385,200","10,696,300","7,318,500","3,940,700","5,629,600","4,785,200","8,163,000","9,288,900","13,511,100","14,918,500","12,385,200","19,140,700","16,044,400","17,733,300","5,348,100","5,911,100","11,822,200","22,800,000","18,014,800","28,148,100","17,733,300","20,548,100","11,259,300","10,414,800","10,414,800","11,259,300","7,600,000","6,755,600","5,348,100","5,066,700","4,503,700","5,348,100","7,318,500","5,911,100","7,037,000","14,074,100","11,540,700","16,888,900","9,288,900","7,037,000","6,474,100","4,785,200","19,140,700","19,985,200","7,037,000","21,111,100","11,540,700","10,977,800","11,822,200","6,474,100","11,822,200","12,948,100","9,851,900","15,481,500","7,600,000","9,851,900","21,111,100","23,644,400","20,548,100","10,414,800","9,570,400","20,548,100","26,459,300","14,918,500","9,007,400","7,318,500","19,140,700","24,770,400","21,674,100","21,674,100","18,014,800","19,703,700","6,192,600","8,163,000","5,911,100","6,192,600","6,755,600","5,066,700","4,222,200","4,503,700","3,377,800","3,377,800","3,659,300","3,940,700","13,792,600","5,911,100","11,540,700","16,044,400","7,600,000","8,444,400","8,163,000","7,318,500","3,377,800","5,629,600","7,881,500","8,725,900","7,318,500","8,163,000","7,600,000","7,318,500","9,851,900","12,103,700","10,977,800","7,881,500","9,570,400","9,007,400","10,696,300","6,474,100","9,570,400","9,288,900","6,192,600","4,503,700","3,940,700","8,163,000","7,318,500","11,540,700","6,474,100","10,696,300","8,444,400","9,007,400","9,570,400","8,163,000","6,474,100","5,911,100","9,007,400","8,725,900","8,163,000","7,881,500","10,696,300","10,696,300","7,881,500","8,444,400","7,881,500","6,755,600","3,096,300","2,814,800","2,533,300","2,533,300","2,251,900","2,251,900","2,251,900","2,814,800","2,533,300","2,814,800","2,814,800","3,096,300","3,659,300","11,259,300","8,444,400","8,444,400","9,288,900","5,066,700","5,629,600","15,763,000","12,103,700","10,977,800","9,851,900","8,725,900","9,570,400","7,881,500","7,037,000","13,511,100","7,881,500","4,503,700","5,066,700","5,911,100","9,851,900","9,007,400","4,503,700","6,755,600","8,444,400","7,600,000","6,755,600","5,629,600","4,222,200","6,755,600","11,259,300","11,259,300","14,918,500","15,200,000","10,696,300","9,570,400","8,444,400","9,570,400","7,881,500","7,600,000","7,600,000","6,755,600","7,318,500","7,037,000","8,444,400","6,474,100","7,318,500","12,103,700","13,511,100","14,355,600","8,163,000"
"","wolverhampton wanderers","90,500","$0.18","0.01","10,300","9,900","5,700","19,100","10,600","22,600","8,500","16,600","17,700","25,500","13,400","13,400","7,800","14,100","26,500","7,400","5,300","13,100","17,300","4,900","9,900","12,400","14,500","12,000","7,400","7,400","8,500","18,400","9,900","16,600","8,100","13,800","13,100","29,000","17,300","6,400","10,600","6,700","8,100","6,000","4,600","6,700","3,900","3,900","10,600","9,200","12,700","8,500","9,900","14,800","9,900","10,300","13,800","8,100","4,600","14,100","7,400","13,100","12,700","11,000","9,200","9,500","16,600","14,800","22,600","20,500","25,800","13,100","4,900","4,600","6,400","9,200","6,000","13,400","7,400","11,000","8,800","12,400","11,300","6,400","5,300","16,300","15,200","20,500","23,000","20,900","15,200","13,800","8,500","10,300","6,000","5,300","0","6,700","5,300","4,600","3,500","8,100","8,800","11,000","9,500","6,000","6,700","7,800","10,600","6,000","4,600","12,400","7,400","11,300","26,200","11,000","5,700","9,200","9,900","7,400","13,800","17,000","9,200","14,100","11,000","12,000","11,700","12,400","8,500","3,900","16,600","5,300","9,500","13,800","4,900","19,100","14,500","4,600","11,300","21,600","21,200","12,000","13,100","7,100","12,700","8,500","13,100","7,100","6,700","7,400","5,700","7,100","4,600","12,400","9,500","0","8,500","3,500","6,400","3,900","11,000","0","0","11,700","6,000","8,100","4,600","14,500","10,300","6,700","14,500","7,800","9,200","8,800","20,900","10,300","12,000","9,900","12,400","12,400","3,900","5,700","6,000","23,300","13,800","6,400","7,400","10,600","19,800","27,200","17,000","8,800","7,400","4,900","16,300","15,900","15,200","13,800","15,900","19,800","25,500","28,600","17,700","6,400","6,000","3,900","2,800","4,600","2,500","2,800","0","6,000","5,700","6,000","4,600","3,200","15,900","20,900","21,900","19,400","15,200","6,700","20,200","23,700","21,900","13,800","33,600","30,400","19,800","18,700","19,800","15,200","11,000","10,600","13,100","18,700","12,700","8,500","17,000","9,500","11,700","14,500","8,800","12,400","23,700","35,400","28,300","24,000","20,200","20,200","13,100","10,600","6,400","6,700","0","0","3,900","7,400","8,500","13,400","9,500","17,000","18,700","12,400","18,700","23,000"
"","burnley","673,000","$0.17","0.01","458,300","527,100","137,500","504,200","320,800","137,500","320,800","779,200","687,500","985,400","206,300","206,300","550,000","870,800","1,672,900","412,500","343,800","550,000","275,000","275,000","183,300","527,100","275,000","229,200","160,400","183,300","687,500","458,300","1,214,600","137,500","206,300","1,122,900","435,400","435,400","2,291,700","183,300","183,300","137,500","137,500","137,500","114,600","114,600","137,500","114,600","183,300","137,500","183,300","297,900","297,900","229,200","160,400","275,000","297,900","206,300","297,900","962,500","137,500","206,300","183,300","206,300","252,100","183,300","160,400","229,200","160,400","206,300","252,100","733,300","114,600","91,700","68,800","91,700","91,700","114,600","183,300","160,400","114,600","114,600","91,700","68,800","91,700","114,600","91,700","160,400","137,500","183,300","229,200","160,400","252,100","114,600","114,600","114,600","91,700","91,700","114,600","91,700","114,600","297,900","687,500","206,300","252,100","389,600","527,100","297,900","412,500","275,000","91,700","114,600","320,800","527,100","481,300","435,400","779,200","206,300","297,900","183,300","183,300","229,200","1,145,800","91,700","320,800","114,600","550,000","114,600","114,600","160,400","504,200","297,900","183,300","366,700","91,700","160,400","275,000","572,900","91,700","229,200","252,100","595,800","160,400","114,600","114,600","114,600","114,600","68,800","91,700","91,700","114,600","91,700","91,700","114,600","618,800","366,700","252,100","229,200","595,800","160,400","160,400","91,700","68,800","114,600","297,900","893,800","114,600","297,900","320,800","916,700","320,800","893,800","779,200","137,500","343,800","412,500","527,100","114,600","297,900","572,900","91,700","91,700","252,100","1,214,600","183,300","114,600","114,600","458,300","343,800","183,300","183,300","91,700","91,700","91,700","137,500","114,600","160,400","160,400","1,054,200","733,300","320,800","1,168,800","114,600","91,700","91,700","91,700","91,700","91,700","68,800","91,700","114,600","114,600","91,700","91,700","68,800","114,600","160,400","343,800","137,500","137,500","160,400","366,700","160,400","779,200","160,400","412,500","389,600","825,000","114,600","252,100","1,191,700","137,500","91,700","91,700","137,500","229,200","802,100","137,500","91,700","91,700","137,500","114,600","114,600","160,400","435,400","206,300","389,600","183,300","137,500","114,600","114,600","68,800","91,700","68,800","91,700","45,800","68,800","68,800","68,800","160,400","91,700","343,800","435,400","91,700","114,600","114,600"
"","brighton","2,240,000","$0.28","0.03","1,513,500","514,600","469,200","590,300","560,000","560,000","590,300","454,100","544,900","544,900","560,000","514,600","544,900","620,500","665,900","665,900","560,000","620,500","605,400","514,600","499,500","529,700","514,600","544,900","575,100","560,000","544,900","650,800","590,300","560,000","529,700","605,400","635,700","620,500","605,400","529,700","726,500","605,400","544,900","544,900","544,900","529,700","484,300","544,900","575,100","756,800","756,800","620,500","665,900","756,800","575,100","605,400","635,700","529,700","529,700","544,900","575,100","605,400","560,000","544,900","544,900","650,800","544,900","605,400","620,500","620,500","681,100","575,100","560,000","484,300","514,600","454,100","484,300","560,000","499,500","620,500","590,300","514,600","575,100","590,300","484,300","514,600","575,100","560,000","590,300","560,000","741,600","575,100","560,000","560,000","575,100","529,700","560,000","560,000","544,900","514,600","514,600","499,500","529,700","529,700","590,300","499,500","575,100","544,900","560,000","514,600","529,700","575,100","560,000","529,700","529,700","590,300","499,500","529,700","529,700","590,300","560,000","560,000","635,700","575,100","620,500","560,000","544,900","514,600","499,500","499,500","499,500","575,100","560,000","544,900","499,500","605,400","590,300","484,300","544,900","484,300","560,000","514,600","560,000","529,700","514,600","544,900","544,900","590,300","544,900","544,900","514,600","499,500","514,600","514,600","590,300","544,900","560,000","529,700","575,100","544,900","575,100","499,500","499,500","499,500","514,600","514,600","514,600","499,500","469,200","605,400","529,700","499,500","544,900","499,500","650,800","544,900","560,000","529,700","544,900","575,100","514,600","454,100","454,100","499,500","514,600","469,200","514,600","544,900","575,100","605,400","514,600","499,500","514,600","499,500","529,700","514,600","529,700","544,900","529,700","620,500","620,500","544,900","560,000","514,600","484,300","469,200","454,100","438,900","454,100","393,500","363,200","363,200","378,400","348,100","333,000","408,600","469,200","560,000","529,700","560,000","560,000","560,000","560,000","575,100","590,300","575,100","665,900","696,200","635,700","620,500","696,200","696,200","529,700","575,100","514,600","514,600","514,600","514,600","529,700","544,900","575,100","529,700","544,900","529,700","560,000","575,100","590,300","590,300","590,300","590,300","605,400","575,100","575,100","575,100","605,400","560,000","560,000","605,400","560,000","605,400","620,500","560,000","605,400","575,100","560,000","560,000"
"","chelsea","16,600,000","$0.06","0","3,049,500","2,944,300","3,207,200","4,101,000","3,522,700","5,100,000","4,048,500","3,522,700","3,102,100","2,944,300","3,207,200","2,681,400","3,154,600","2,786,600","3,627,800","3,049,500","2,944,300","3,575,300","2,891,800","3,102,100","3,785,600","3,995,900","2,786,600","2,839,200","3,522,700","2,418,600","3,417,500","3,417,500","2,891,800","2,313,400","2,418,600","3,417,500","4,258,800","4,363,900","2,786,600","3,417,500","3,470,100","3,838,100","2,628,900","2,418,600","2,366,000","2,366,000","2,313,400","2,471,100","2,576,300","3,838,100","2,260,800","2,576,300","3,470,100","2,996,900","4,469,100","4,837,100","4,048,500","2,786,600","2,418,600","2,839,200","3,890,700","3,470,100","2,681,400","3,785,600","3,102,100","3,733,000","2,839,200","3,733,000","4,258,800","4,206,200","3,733,000","2,523,700","2,786,600","2,576,300","2,839,200","2,839,200","2,523,700","3,627,800","2,944,300","3,470,100","4,048,500","3,049,500","3,259,800","2,839,200","2,576,300","3,364,900","3,838,100","3,785,600","3,733,000","3,838,100","2,839,200","3,470,100","3,575,300","5,257,700","3,154,600","2,839,200","2,891,800","2,260,800","2,523,700","2,418,600","2,418,600","2,523,700","2,891,800","3,785,600","3,154,600","3,785,600","3,417,500","4,469,100","4,153,600","2,681,400","2,734,000","4,258,800","3,838,100","5,152,600","3,364,900","2,839,200","3,943,300","3,522,700","2,734,000","2,786,600","3,417,500","4,469,100","3,522,700","3,102,100","3,417,500","3,522,700","4,784,500","3,943,300","2,839,200","2,839,200","3,470,100","3,364,900","3,364,900","2,944,300","2,471,100","3,470,100","3,995,900","2,786,600","2,786,600","2,471,100","3,943,300","2,471,100","4,048,500","2,944,300","2,366,000","2,208,200","2,313,400","2,103,100","2,103,100","2,471,100","2,103,100","2,103,100","2,891,800","4,837,100","2,944,300","3,575,300","5,100,000","3,627,800","2,996,900","3,470,100","2,786,600","2,155,700","2,208,200","2,786,600","2,681,400","3,207,200","2,839,200","2,681,400","2,681,400","2,996,900","3,207,200","2,786,600","2,418,600","2,628,900","3,049,500","3,259,800","2,681,400","2,944,300","3,259,800","2,839,200","2,628,900","2,418,600","2,734,000","3,995,900","3,627,800","2,576,300","2,418,600","3,312,400","3,890,700","3,049,500","2,260,800","2,208,200","2,523,700","2,155,700","2,366,000","2,996,900","3,680,400","4,153,600","2,891,800","3,102,100","3,417,500","3,312,400","1,997,900","1,787,600","1,629,900","1,524,700","1,524,700","1,524,700","1,524,700","1,472,200","1,524,700","1,629,900","1,577,300","1,472,200","1,472,200","1,472,200","2,944,300","3,154,600","3,207,200","3,417,500","2,260,800","2,103,100","2,523,700","3,049,500","2,628,900","2,786,600","3,154,600","3,522,700","2,944,300","2,944,300","3,154,600","3,522,700","2,996,900","2,576,300","3,785,600","3,470,100","3,364,900","2,681,400","2,839,200","2,944,300","3,312,400","3,049,500","2,471,100","2,103,100","2,471,100","3,102,100","4,363,900","2,839,200","2,734,000","2,891,800","2,471,100","2,523,700","2,313,400","2,366,000","2,628,900","2,471,100","2,418,600","3,733,000","2,523,700","2,891,800","3,417,500","2,891,800","2,734,000","3,154,600","3,943,300","2,839,200"
"","crystal palace","1,220,000","$0.38","0.01","222,200","263,900","152,800","208,300","305,600","375,000","666,700","708,300","236,100","458,300","263,900","861,100","194,400","472,200","861,100","500,000","583,300","750,000","180,600","194,400","166,700","250,000","208,300","611,100","263,900","180,600","319,400","916,700","277,800","250,000","291,700","263,900","1,083,300","277,800","291,700","333,300","319,400","250,000","236,100","208,300","166,700","180,600","166,700","180,600","250,000","194,400","250,000","263,900","333,300","555,600","277,800","472,200","208,300","236,100","694,400","500,000","486,100","319,400","513,900","250,000","319,400","583,300","250,000","1,375,000","208,300","527,800","347,200","166,700","208,300","166,700","180,600","152,800","152,800","333,300","180,600","194,400","444,400","347,200","236,100","458,300","166,700","194,400","194,400","541,700","847,200","1,388,900","291,700","1,347,200","208,300","833,300","541,700","194,400","180,600","166,700","138,900","138,900","166,700","416,700","458,300","166,700","208,300","347,200","611,100","277,800","666,700","166,700","263,900","500,000","208,300","263,900","319,400","375,000","250,000","180,600","347,200","180,600","305,600","208,300","583,300","166,700","375,000","736,100","263,900","250,000","180,600","166,700","333,300","416,700","666,700","166,700","236,100","333,300","208,300","402,800","388,900","180,600","277,800","236,100","555,600","180,600","208,300","180,600","180,600","194,400","180,600","166,700","180,600","166,700","180,600","416,700","402,800","236,100","236,100","527,800","180,600","208,300","527,800","166,700","166,700","166,700","500,000","486,100","277,800","166,700","319,400","236,100","277,800","430,600","402,800","263,900","388,900","319,400","930,600","180,600","125,000","333,300","125,000","111,100","152,800","555,600","250,000","125,000","166,700","513,900","416,700","722,200","250,000","111,100","138,900","125,000","97,200","125,000","208,300","569,400","611,100","597,200","319,400","652,800","194,400","97,200","97,200","97,200","83,300","97,200","83,300","83,300","83,300","83,300","83,300","83,300","83,300","97,200","138,900","208,300","222,200","194,400","166,700","236,100","194,400","250,000","500,000","472,200","263,900","263,900","305,600","180,600","277,800","250,000","694,400","180,600","652,800","527,800","208,300","388,900","180,600","208,300","208,300","180,600","222,200","180,600","263,900","458,300","194,400","305,600","263,900","194,400","166,700","166,700","166,700","152,800","138,900","152,800","152,800","166,700","152,800","208,300","166,700","208,300","402,800","277,800","194,400","305,600"
"","aston villa","4,090,000","$0.10","0.01","1,141,300","1,195,700","1,304,300","2,608,700","1,304,300","1,250,000","1,250,000","3,152,200","2,663,000","2,337,000","1,902,200","1,467,400","815,200","1,413,000","5,434,800","3,043,500","1,847,800","5,271,700","2,228,300","543,500","815,200","1,521,700","978,300","2,065,200","543,500","815,200","1,195,700","2,337,000","1,141,300","760,900","2,010,900","1,739,100","2,282,600","978,300","2,010,900","1,304,300","2,010,900","706,500","543,500","434,800","489,100","434,800","489,100","434,800","1,032,600","652,200","1,630,400","1,195,700","1,739,100","1,304,300","923,900","1,304,300","1,521,700","1,413,000","326,100","978,300","434,800","652,200","978,300","3,641,300","434,800","815,200","652,200","869,600","2,119,600","2,500,000","3,043,500","652,200","815,200","326,100","217,400","271,700","815,200","4,347,800","543,500","1,141,300","1,847,800","978,300","652,200","380,400","326,100","815,200","706,500","3,695,700","923,900","978,300","1,413,000","815,200","652,200","1,576,100","326,100","326,100","217,400","271,700","271,700","271,700","380,400","3,043,500","1,358,700","2,554,300","489,100","543,500","543,500","380,400","1,087,000","597,800","326,100","1,304,300","923,900","597,800","597,800","760,900","1,032,600","434,800","652,200","1,576,100","4,076,100","760,900","1,467,400","326,100","978,300","1,739,100","978,300","706,500","652,200","760,900","1,141,300","326,100","1,467,400","706,500","869,600","597,800","3,369,600","923,900","1,413,000","380,400","869,600","760,900","869,600","923,900","434,800","380,400","380,400","380,400","326,100","271,700","271,700","326,100","271,700","1,141,300","1,141,300","1,956,500","380,400","760,900","1,195,700","271,700","1,467,400","163,000","923,900","217,400","597,800","869,600","869,600","326,100","597,800","1,467,400","978,300","2,173,900","489,100","2,445,700","3,858,700","1,141,300","760,900","760,900","869,600","271,700","652,200","1,304,300","543,500","326,100","2,337,000","434,800","3,804,300","1,141,300","1,032,600","1,467,400","1,250,000","434,800","326,100","271,700","271,700","326,100","1,032,600","1,956,500","1,032,600","3,315,200","434,800","2,717,400","978,300","163,000","108,700","108,700","108,700","108,700","108,700","108,700","108,700","108,700","108,700","108,700","108,700","108,700","760,900","1,413,000","271,700","1,467,400","217,400","271,700","1,087,000","597,800","1,684,800","1,032,600","597,800","597,800","4,619,600","706,500","2,663,000","652,200","163,000","923,900","543,500","2,663,000","1,032,600","271,700","271,700","326,100","1,141,300","597,800","163,000","217,400","434,800","1,032,600","652,200","1,684,800","597,800","543,500","760,900","489,100","326,100","326,100","326,100","326,100","434,800","2,663,000","543,500","1,141,300","434,800","760,900","326,100","326,100","271,700","163,000"
"","everton","2,740,000","$0.52","0.03","493,200","411,000","301,400","438,400","959,000","685,000","1,315,200","438,400","1,013,800","1,123,400","493,200","1,205,600","356,200","849,400","2,246,800","1,260,400","1,205,600","1,287,800","2,164,600","575,400","794,600","493,200","904,200","465,800","1,013,800","301,400","465,800","657,600","1,342,600","383,600","356,200","959,000","1,068,600","602,800","794,600","438,400","493,200","438,400","493,200","383,600","328,800","328,800","356,200","301,400","1,260,400","520,600","1,616,600","1,315,200","1,041,200","849,400","438,400","465,800","1,890,600","274,000","438,400","931,600","767,200","1,342,600","520,600","1,644,000","548,000","1,507,000","904,200","712,400","767,200","1,918,000","1,233,000","246,600","191,800","219,200","246,600","301,400","301,400","520,600","520,600","465,800","712,400","2,109,800","328,800","411,000","548,000","328,800","493,200","1,808,400","904,200","904,200","1,205,600","1,698,800","630,200","1,616,600","1,096,000","465,800","438,400","328,800","383,600","356,200","383,600","794,600","2,082,400","1,178,200","1,370,000","1,561,800","630,200","520,600","1,781,000","301,400","465,800","1,150,800","1,150,800","685,000","904,200","493,200","1,123,400","904,200","438,400","822,000","548,000","685,000","328,800","301,400","1,205,600","1,096,000","1,041,200","657,600","274,000","548,000","794,600","328,800","767,200","301,400","438,400","1,397,400","602,800","1,096,000","383,600","520,600","876,800","794,600","767,200","904,200","986,400","849,400","493,200","465,800","411,000","356,200","438,400","383,600","520,600","739,800","849,400","1,013,800","356,200","575,400","1,013,800","1,287,800","685,000","274,000","356,200","794,600","1,534,400","1,315,200","685,000","2,548,200","1,972,800","1,781,000","1,397,400","438,400","959,000","602,800","1,287,800","2,109,800","1,589,200","1,013,800","602,800","1,178,200","328,800","383,600","1,561,800","1,260,400","904,200","2,329,000","1,013,800","2,192,000","1,616,600","2,740,000","1,013,800","712,400","438,400","383,600","301,400","301,400","356,200","548,000","904,200","1,068,600","575,400","1,507,000","356,200","219,200","164,400","164,400","191,800","191,800","164,400","191,800","164,400","164,400","191,800","164,400","164,400","219,200","822,000","1,068,600","904,200","328,800","328,800","465,800","465,800","657,600","438,400","1,972,800","1,123,400","876,800","2,055,000","493,200","2,685,200","356,200","301,400","274,000","1,479,600","383,600","383,600","356,200","301,400","328,800","575,400","465,800","274,000","548,000","438,400","767,200","493,200","1,178,200","739,800","575,400","657,600","822,000","493,200","548,000","520,600","411,000","301,400","301,400","274,000","383,600","301,400","383,600","767,200","246,600","602,800","274,000"
"","liverpool","30,400,000","$0.06","0.02","13,370,400","2,111,100","5,348,100","7,740,700","4,081,500","7,600,000","4,081,500","2,955,600","4,503,700","4,925,900","4,925,900","2,111,100","5,066,700","4,222,200","3,659,300","6,755,600","3,096,300","4,503,700","2,814,800","3,518,500","2,533,300","3,800,000","3,659,300","2,814,800","2,392,600","2,533,300","3,377,800","5,066,700","3,096,300","2,392,600","2,814,800","4,363,000","2,814,800","6,474,100","3,518,500","3,237,000","3,096,300","4,081,500","1,970,400","1,970,400","1,970,400","1,688,900","1,688,900","1,970,400","2,533,300","2,251,900","3,940,700","2,392,600","4,503,700","2,674,100","3,800,000","3,940,700","3,096,300","2,814,800","1,688,900","5,066,700","7,177,800","3,096,300","6,896,300","3,800,000","1,688,900","3,096,300","2,111,100","3,518,500","2,814,800","3,940,700","4,363,000","3,377,800","2,111,100","1,407,400","1,266,700","1,407,400","1,548,100","4,081,500","3,096,300","3,377,800","6,051,900","4,785,200","2,674,100","2,392,600","1,829,600","3,096,300","3,659,300","4,644,400","7,318,500","4,222,200","2,392,600","4,081,500","4,363,000","2,814,800","3,800,000","1,688,900","1,688,900","1,688,900","2,111,100","1,970,400","3,800,000","14,074,100","5,629,600","7,177,800","8,444,400","7,037,000","5,629,600","9,007,400","3,659,300","2,111,100","2,674,100","3,940,700","3,659,300","6,051,900","3,237,000","4,081,500","2,814,800","1,548,100","2,111,100","2,955,600","3,096,300","3,659,300","2,955,600","4,081,500","2,814,800","3,096,300","3,237,000","3,377,800","3,096,300","2,674,100","3,096,300","6,192,600","3,518,500","2,111,100","2,955,600","2,674,100","3,096,300","4,081,500","1,688,900","1,688,900","3,518,500","2,533,300","2,955,600","1,548,100","1,829,600","1,829,600","1,548,100","1,688,900","1,407,400","1,407,400","1,688,900","1,407,400","1,548,100","2,392,600","3,800,000","3,518,500","3,377,800","1,548,100","3,096,300","3,659,300","4,363,000","2,111,100","1,548,100","2,533,300","3,096,300","3,518,500","1,688,900","3,659,300","3,800,000","3,659,300","4,503,700","4,644,400","1,829,600","3,518,500","3,096,300","1,970,400","4,363,000","3,096,300","2,392,600","3,940,700","1,688,900","2,955,600","2,392,600","3,377,800","3,518,500","3,096,300","3,659,300","4,644,400","4,363,000","2,533,300","2,955,600","2,251,900","3,659,300","2,251,900","1,829,600","1,829,600","2,392,600","3,518,500","3,237,000","3,518,500","3,518,500","5,629,600","1,970,400","1,548,100","1,407,400","1,266,700","1,125,900","1,266,700","1,266,700","1,125,900","1,266,700","1,266,700","1,266,700","1,266,700","1,266,700","1,548,100","5,629,600","5,348,100","5,488,900","4,925,900","3,096,300","3,940,700","4,785,200","6,755,600","2,814,800","5,066,700","5,770,400","5,207,400","11,400,000","4,222,200","4,222,200","4,363,000","2,674,100","4,503,700","3,659,300","6,755,600","5,066,700","1,829,600","1,970,400","3,518,500","3,659,300","2,955,600","2,111,100","1,688,900","2,814,800","3,377,800","5,066,700","4,644,400","2,674,100","3,237,000","2,955,600","2,251,900","1,688,900","1,970,400","1,970,400","2,111,100","4,644,400","9,711,100","2,251,900","4,222,200","12,948,100","8,585,200","4,785,200","6,051,900","3,800,000","3,940,700"
"","newcastle united","2,240,000","$0.11","0.04","306,800","306,800","204,500","613,600","204,500","375,000","375,000","306,800","340,900","579,500","340,900","272,700","409,100","477,300","477,300","579,500","750,000","818,200","2,011,400","306,800","204,500","647,700","2,113,600","613,600","340,900","375,000","715,900","1,329,500","545,500","409,100","545,500","920,500","511,400","920,500","784,100","443,200","920,500","545,500","340,900","306,800","375,000","340,900","306,800","272,700","477,300","750,000","715,900","1,090,900","613,600","988,600","272,700","409,100","2,181,800","204,500","238,600","545,500","272,700","3,409,100","579,500","511,400","477,300","954,500","647,700","715,900","681,800","920,500","920,500","306,800","170,500","170,500","136,400","204,500","272,700","715,900","272,700","511,400","1,261,400","272,700","272,700","204,500","136,400","272,700","272,700","818,200","1,022,700","443,200","545,500","545,500","477,300","272,700","306,800","272,700","340,900","306,800","306,800","306,800","272,700","272,700","443,200","306,800","238,600","340,900","511,400","204,500","375,000","170,500","170,500","340,900","443,200","375,000","340,900","477,300","511,400","477,300","477,300","613,600","647,700","681,800","2,284,100","238,600","306,800","204,500","443,200","306,800","306,800","340,900","545,500","477,300","1,022,700","818,200","1,602,300","204,500","170,500","681,800","3,000,000","204,500","238,600","340,900","272,700","136,400","136,400","136,400","136,400","102,300","136,400","102,300","102,300","102,300","136,400","170,500","238,600","238,600","340,900","136,400","272,700","272,700","204,500","102,300","136,400","170,500","170,500","136,400","1,125,000","238,600","170,500","306,800","409,100","238,600","375,000","170,500","306,800","272,700","306,800","170,500","136,400","170,500","136,400","68,200","238,600","238,600","409,100","1,227,300","170,500","375,000","272,700","306,800","409,100","204,500","170,500","170,500","170,500","204,500","340,900","238,600","272,700","511,400","477,300","511,400","238,600","204,500","204,500","272,700","306,800","238,600","272,700","375,000","545,500","375,000","136,400","136,400","136,400","204,500","238,600","306,800","204,500","238,600","170,500","238,600","340,900","375,000","306,800","204,500","238,600","1,772,700","170,500","238,600","272,700","272,700","136,400","136,400","170,500","238,600","170,500","170,500","1,193,200","272,700","170,500","170,500","204,500","136,400","443,200","204,500","477,300","409,100","443,200","340,900","375,000","306,800","340,900","375,000","238,600","306,800","306,800","613,600","204,500","204,500","170,500","238,600","170,500","204,500","204,500","204,500"
"","west ham united","550,000","$0.13","0.01","137,500","137,500","165,000","137,500","82,500","137,500","110,000","165,000","825,000","275,000","357,500","110,000","110,000","192,500","330,000","880,000","137,500","165,000","110,000","82,500","82,500","110,000","330,000","165,000","82,500","137,500","165,000","247,500","192,500","220,000","110,000","275,000","330,000","137,500","275,000","110,000","82,500","110,000","82,500","55,000","82,500","110,000","110,000","495,000","275,000","357,500","220,000","1,320,000","165,000","220,000","247,500","192,500","330,000","55,000","82,500","220,000","137,500","1,375,000","220,000","55,000","110,000","165,000","82,500","110,000","82,500","302,500","165,000","55,000","55,000","55,000","55,000","27,500","27,500","165,000","1,347,500","165,000","192,500","165,000","110,000","82,500","55,000","110,000","165,000","220,000","165,000","220,000","302,500","137,500","82,500","82,500","55,000","82,500","55,000","27,500","55,000","55,000","27,500","82,500","137,500","82,500","165,000","220,000","82,500","137,500","110,000","55,000","82,500","137,500","110,000","137,500","55,000","137,500","165,000","82,500","192,500","632,500","165,000","82,500","165,000","82,500","137,500","137,500","220,000","82,500","110,000","192,500","165,000","192,500","110,000","82,500","82,500","110,000","2,750,000","137,500","82,500","110,000","220,000","165,000","82,500","55,000","55,000","55,000","27,500","55,000","55,000","55,000","27,500","55,000","55,000","110,000","82,500","137,500","82,500","55,000","137,500","192,500","110,000","55,000","110,000","660,000","247,500","82,500","137,500","247,500","1,127,500","247,500","137,500","55,000","110,000","55,000","192,500","82,500","82,500","412,500","770,000","137,500","27,500","55,000","55,000","110,000","165,000","55,000","110,000","137,500","82,500","165,000","110,000","55,000","55,000","27,500","27,500","55,000","82,500","1,017,500","110,000","165,000","137,500","82,500","82,500","55,000","27,500","27,500","27,500","27,500","27,500","27,500","27,500","27,500","27,500","27,500","27,500","27,500","55,000","55,000","110,000","55,000","82,500","55,000","247,500","110,000","82,500","110,000","110,000","137,500","82,500","110,000","110,000","82,500","55,000","27,500","55,000","55,000","55,000","55,000","27,500","110,000","302,500","110,000","55,000","55,000","110,000","110,000","110,000","137,500","110,000","110,000","137,500","82,500","82,500","110,000","55,000","55,000","82,500","55,000","55,000","82,500","55,000","82,500","55,000","110,000","247,500","55,000"
"","tottenham hotspur","673,000","$0.20","0.01","103,600","100,700","62,200","195,400","88,800","112,500","91,800","127,300","124,300","162,800","142,100","156,900","145,100","204,300","153,900","130,300","198,400","174,700","130,300","85,900","71,100","216,100","115,500","269,400","130,300","207,200","207,200","222,000","136,200","148,000","139,100","236,800","183,600","296,100","236,800","112,500","159,900","118,400","85,900","88,800","85,900","82,900","82,900","91,800","109,500","77,000","97,700","133,200","139,100","195,400","74,000","103,600","156,900","85,900","91,800","115,500","151,000","162,800","139,100","115,500","195,400","124,300","162,800","156,900","103,600","171,700","118,400","97,700","62,200","94,700","59,200","68,100","50,300","139,100","130,300","148,000","121,400","230,900","239,800","142,100","82,900","153,900","148,000","216,100","139,100","222,000","127,300","142,100","124,300","118,400","121,400","100,700","103,600","91,800","88,800","88,800","79,900","148,000","142,100","124,300","168,800","65,100","85,900","106,600","153,900","74,000","91,800","91,800","130,300","121,400","124,300","124,300","124,300","142,100","145,100","153,900","142,100","142,100","153,900","159,900","88,800","112,500","136,200","171,700","56,300","85,900","219,100","124,300","204,300","124,300","94,700","124,300","103,600","88,800","88,800","142,100","210,200","257,600","130,300","103,600","97,700","97,700","79,900","59,200","77,000","62,200","59,200","68,100","79,900","106,600","97,700","71,100","103,600","118,400","165,800","94,700","68,100","44,400","74,000","133,200","130,300","118,400","97,700","94,700","136,200","112,500","139,100","85,900","139,100","118,400","133,200","156,900","145,100","148,000","142,100","115,500","82,900","79,900","127,300","180,600","139,100","85,900","156,900","162,800","174,700","189,500","133,200","118,400","79,900","68,100","56,300","56,300","77,000","85,900","85,900","109,500","71,100","74,000","77,000","38,500","32,600","20,700","29,600","26,600","23,700","32,600","26,600","35,500","32,600","35,500","26,600","26,600","71,100","103,600","59,200","145,100","77,000","136,200","103,600","118,400","115,500","112,500","100,700","142,100","97,700","121,400","124,300","162,800","216,100","38,500","112,500","59,200","82,900","109,500","142,100","145,100","121,400","82,900","62,200","94,700","94,700","82,900","139,100","216,100","148,000","109,500","88,800","71,100","85,900","74,000","56,300","56,300","74,000","136,200","65,100","97,700","251,600","124,300","100,700","186,500","109,500","115,500"
"","manchester city","13,600,000","$0.07","0","9,646,400","1,850,000","2,246,400","4,757,100","4,492,900","2,775,000","3,039,300","3,303,600","2,907,100","1,850,000","2,246,400","1,585,700","2,907,100","1,453,600","3,303,600","5,153,600","3,567,900","3,832,100","2,378,600","2,907,100","2,775,000","2,246,400","3,832,100","2,114,300","1,717,900","2,378,600","2,510,700","3,832,100","3,171,400","1,982,100","1,453,600","2,775,000","1,982,100","5,550,000","4,228,600","2,378,600","2,378,600","1,453,600","1,057,100","1,189,300","1,321,400","1,453,600","3,964,300","12,553,600","7,796,400","6,342,900","13,214,300","9,250,000","5,550,000","6,342,900","6,871,400","5,814,300","2,378,600","2,246,400","1,850,000","4,889,300","2,378,600","2,775,000","3,964,300","4,889,300","4,228,600","1,717,900","3,700,000","2,907,100","4,492,900","2,775,000","3,435,700","2,775,000","925,000","925,000","925,000","1,057,100","1,585,700","2,775,000","2,775,000","2,775,000","4,360,700","2,907,100","5,814,300","1,189,300","1,189,300","2,907,100","2,775,000","3,964,300","5,153,600","1,717,900","3,567,900","1,717,900","4,228,600","8,721,400","1,717,900","1,057,100","1,057,100","1,057,100","1,057,100","925,000","1,189,300","4,625,000","3,303,600","3,964,300","7,532,100","6,871,400","3,039,300","7,532,100","3,700,000","1,321,400","1,321,400","2,114,300","3,171,400","1,585,700","1,850,000","2,775,000","1,453,600","1,189,300","1,057,100","1,321,400","1,717,900","1,717,900","2,378,600","1,321,400","1,585,700","1,982,100","1,982,100","3,303,600","925,000","925,000","2,246,400","1,982,100","1,982,100","1,321,400","1,717,900","3,303,600","2,114,300","1,850,000","1,321,400","1,189,300","3,171,400","2,114,300","1,321,400","1,717,900","1,057,100","792,900","925,000","792,900","792,900","660,700","792,900","792,900","1,982,100","7,796,400","1,717,900","3,039,300","5,814,300","4,228,600","1,982,100","3,171,400","2,642,900","1,321,400","1,189,300","2,114,300","2,642,900","1,850,000","2,775,000","1,850,000","3,039,300","1,453,600","1,453,600","2,114,300","1,321,400","2,114,300","1,321,400","1,585,700","1,321,400","1,585,700","1,189,300","1,453,600","1,189,300","1,453,600","925,000","1,321,400","1,585,700","1,321,400","925,000","2,510,700","2,510,700","1,057,100","1,057,100","1,321,400","2,246,400","2,114,300","3,832,100","4,360,700","1,453,600","1,585,700","2,775,000","2,246,400","2,378,600","2,510,700","1,850,000","660,700","528,600","528,600","528,600","528,600","528,600","528,600","528,600","660,700","528,600","528,600","528,600","660,700","2,246,400","2,246,400","4,492,900","3,303,600","4,492,900","1,585,700","1,982,100","1,321,400","1,850,000","2,246,400","2,246,400","3,303,600","2,246,400","1,453,600","2,378,600","1,453,600","1,453,600","2,246,400","1,717,900","1,453,600","1,453,600","1,057,100","1,453,600","1,321,400","1,585,700","1,982,100","1,453,600","925,000","1,585,700","1,321,400","2,378,600","2,775,000","1,189,300","1,189,300","1,189,300","1,057,100","1,189,300","925,000","1,057,100","925,000","925,000","1,453,600","1,585,700","4,492,900","4,228,600","2,246,400","3,964,300","7,135,700","3,171,400","2,246,400"
"","nottingham forest","2,240,000","$0.18","0","265,600","293,600","251,600","377,400","195,700","685,000","307,600","251,600","810,800","643,100","237,700","545,200","181,700","279,600","978,600","307,600","433,400","349,500","251,600","195,700","195,700","307,600","321,500","167,800","153,800","125,800","391,400","181,700","796,800","167,800","265,600","754,900","587,100","657,000","838,800","237,700","167,800","153,800","139,800","83,900","83,900","125,800","153,800","125,800","223,700","265,600","726,900","713,000","167,800","503,300","726,900","153,800","293,600","195,700","97,900","321,500","447,300","153,800","349,500","461,300","671,000","643,100","545,200","237,700","335,500","587,100","713,000","153,800","55,900","69,900","69,900","83,900","83,900","265,600","405,400","209,700","615,100","433,400","349,500","83,900","97,900","209,700","181,700","1,370,000","405,400","1,328,100","419,400","489,300","279,600","349,500","195,700","153,800","125,800","125,800","181,700","153,800","1,398,000","377,400","601,100","223,700","265,600","195,700","153,800","111,800","111,800","83,900","335,500","167,800","181,700","139,800","97,900","97,900","335,500","97,900","125,800","97,900","475,300","97,900","69,900","55,900","41,900","41,900","41,900","55,900","41,900","41,900","55,900","55,900","55,900","41,900","41,900","55,900","55,900","97,900","28,000","69,900","139,800","97,900","111,800","55,900","41,900","41,900","111,800","55,900","55,900","28,000","28,000","55,900","55,900","55,900","41,900","28,000","28,000","41,900","69,900","41,900","55,900","41,900","28,000","69,900","41,900","41,900","69,900","55,900","55,900","55,900","28,000","55,900","28,000","55,900","55,900","41,900","55,900","41,900","28,000","41,900","41,900","28,000","41,900","41,900","69,900","41,900","41,900","55,900","55,900","41,900","41,900","41,900","55,900","28,000","41,900","41,900","41,900","139,800","69,900","83,900","97,900","41,900","41,900","28,000","28,000","28,000","28,000","28,000","28,000","28,000","28,000","28,000","28,000","28,000","28,000","41,900","41,900","111,800","41,900","55,900","83,900","55,900","69,900","69,900","41,900","153,800","55,900","41,900","41,900","55,900","41,900","41,900","28,000","28,000","41,900","28,000","55,900","28,000","41,900","55,900","349,500","41,900","41,900","41,900","55,900","55,900","55,900","69,900","55,900","41,900","41,900","41,900","41,900","41,900","28,000","41,900","55,900","55,900","41,900","41,900","55,900","41,900","55,900","41,900","41,900","41,900"
"","luton town","1,000,000","$0.08","0","80,000","90,000","20,000","185,000","55,000","305,000","500,000","25,000","50,000","165,000","45,000","35,000","75,000","25,000","195,000","120,000","230,000","235,000","35,000","30,000","30,000","325,000","40,000","20,000","25,000","30,000","135,000","55,000","50,000","40,000","25,000","180,000","315,000","90,000","135,000","35,000","25,000","25,000","25,000","20,000","15,000","20,000","30,000","45,000","310,000","335,000","130,000","35,000","30,000","40,000","10,000","15,000","5,000","5,000","0","5,000","5,000","5,000","5,000","5,000","10,000","10,000","5,000","5,000","5,000","5,000","10,000","0","0","0","0","0","0","5,000","5,000","5,000","5,000","5,000","5,000","5,000","0","0","0","5,000","5,000","5,000","5,000","10,000","5,000","5,000","5,000","5,000","5,000","0","0","0","0","5,000","20,000","25,000","15,000","5,000","10,000","10,000","5,000","5,000","10,000","10,000","5,000","90,000","5,000","5,000","10,000","5,000","5,000","0","10,000","0","0","5,000","0","0","5,000","0","0","0","5,000","5,000","5,000","0","0","0","5,000","5,000","0","0","5,000","0","0","0","0","0","5,000","0","5,000","0","0","5,000","0","0","0","5,000","5,000","0","5,000","5,000","5,000","0","0","0","5,000","5,000","5,000","5,000","0","5,000","45,000","5,000","5,000","5,000","0","0","5,000","5,000","5,000","0","0","0","5,000","5,000","5,000","5,000","0","5,000","100,000","5,000","0","0","0","5,000","0","0","0","5,000","5,000","5,000","5,000","0","0","0","0","0","0","0","0","0","0","0","0","0","0","0","0","0","5,000","0","5,000","5,000","5,000","0","0","5,000","5,000","5,000","0","0","5,000","5,000","0","0","0","0","5,000","0","0","5,000","5,000","0","0","0","5,000","5,000","5,000","5,000","10,000","5,000","0","0","0","0","0","0","0","0","0","0","0","5,000","5,000","0","5,000","5,000"
"","fulham","1,220,000","$0.14","0.01","159,000","149,600","121,600","402,100","177,700","205,800","402,100","168,300","159,000","318,000","813,600","112,200","841,700","710,800","261,900","364,700","430,200","645,300","364,700","65,500","140,300","102,900","579,800","477,000","84,200","93,500","495,700","149,600","159,000","140,300","159,000","935,200","505,000","271,200","271,200","477,000","402,100","112,200","84,200","74,800","74,800","65,500","74,800","74,800","243,200","84,200","140,300","318,000","710,800","187,000","187,000","140,300","130,900","112,200","701,400","411,500","318,000","233,800","374,100","149,600","233,800","626,600","533,100","215,100","682,700","205,800","233,800","56,100","56,100","56,100","74,800","93,500","570,500","130,900","420,900","215,100","177,700","187,000","65,500","112,200","74,800","196,400","130,900","458,300","495,700","224,500","271,200","738,800","93,500","93,500","74,800","84,200","65,500","65,500","65,500","56,100","65,500","56,100","56,100","56,100","130,900","93,500","140,300","93,500","102,900","46,800","46,800","74,800","102,900","102,900","84,200","74,800","102,900","177,700","130,900","102,900","93,500","65,500","74,800","84,200","56,100","65,500","93,500","93,500","74,800","65,500","93,500","84,200","93,500","74,800","46,800","93,500","112,200","84,200","93,500","74,800","112,200","102,900","112,200","74,800","65,500","56,100","56,100","46,800","56,100","56,100","46,800","56,100","56,100","74,800","299,300","177,700","93,500","252,500","196,400","65,500","215,100","46,800","65,500","177,700","477,000","299,300","84,200","271,200","74,800","187,000","159,000","505,000","495,700","84,200","196,400","112,200","458,300","84,200","327,300","177,700","65,500","74,800","140,300","56,100","149,600","74,800","215,100","196,400","102,900","261,900","402,100","84,200","74,800","93,500","74,800","495,700","308,600","84,200","102,900","93,500","74,800","65,500","56,100","46,800","37,400","37,400","37,400","37,400","37,400","37,400","28,100","37,400","37,400","28,100","37,400","37,400","37,400","56,100","65,500","65,500","65,500","56,100","102,900","74,800","74,800","65,500","93,500","74,800","56,100","56,100","56,100","65,500","46,800","37,400","46,800","46,800","46,800","46,800","37,400","46,800","56,100","46,800","46,800","28,100","56,100","84,200","74,800","74,800","74,800","56,100","56,100","46,800","46,800","37,400","37,400","37,400","37,400","37,400","37,400","56,100","46,800","74,800","65,500","46,800","56,100","112,200"
"","sheffield united","1,220,000","$0.19","0","233,200","215,300","53,800","125,600","1,794,100","305,000","448,500","125,600","197,400","538,200","520,300","107,600","89,700","215,300","1,058,500","556,200","412,600","879,100","179,400","143,500","179,400","107,600","340,900","1,004,700","897,100","215,300","233,200","627,900","287,100","430,600","89,700","1,130,300","197,400","592,100","251,200","143,500","89,700","71,800","71,800","53,800","35,900","53,800","35,900","71,800","125,600","71,800","107,600","89,700","107,600","305,000","1,004,700","143,500","89,700","53,800","125,600","89,700","107,600","556,200","53,800","107,600","645,900","1,166,200","143,500","89,700","161,500","107,600","71,800","107,600","35,900","35,900","35,900","35,900","17,900","71,800","71,800","35,900","71,800","35,900","53,800","35,900","17,900","53,800","53,800","71,800","89,700","125,600","107,600","125,600","125,600","35,900","35,900","35,900","35,900","35,900","35,900","35,900","35,900","53,800","179,400","71,800","53,800","71,800","53,800","53,800","71,800","35,900","53,800","53,800","53,800","53,800","53,800","53,800","35,900","71,800","53,800","35,900","125,600","35,900","53,800","89,700","53,800","17,900","53,800","71,800","53,800","35,900","35,900","53,800","71,800","35,900","35,900","71,800","89,700","53,800","35,900","53,800","71,800","107,600","71,800","71,800","35,900","35,900","35,900","17,900","17,900","17,900","35,900","17,900","35,900","71,800","197,400","71,800","520,300","71,800","197,400","610,000","53,800","107,600","574,100","233,200","125,600","807,400","89,700","269,100","663,800","251,200","1,291,800","466,500","251,200","89,700","322,900","358,800","1,166,200","197,400","71,800","197,400","35,900","161,500","466,500","663,800","717,600","53,800","466,500","215,300","251,200","645,900","125,600","89,700","71,800","53,800","53,800","53,800","107,600","287,100","466,500","1,237,900","1,040,600","1,076,500","448,500","71,800","17,900","35,900","35,900","53,800","35,900","35,900","35,900","35,900","35,900","35,900","53,800","53,800","71,800","161,500","89,700","161,500","215,300","89,700","107,600","233,200","143,500","179,400","645,900","125,600","53,800","89,700","376,800","502,400","89,700","89,700","215,300","71,800","394,700","53,800","35,900","89,700","269,100","107,600","71,800","53,800","197,400","322,900","89,700","269,100","71,800","71,800","53,800","71,800","71,800","35,900","71,800","53,800","35,900","71,800","35,900","71,800","71,800","143,500","89,700","53,800","71,800","53,800"
"","bournemouth","823,000","$0.25","0.02","178,600","150,000","71,400","371,400","242,900","250,000","328,600","128,600","221,400","271,400","664,300","100,000","100,000","350,000","278,600","257,100","364,300","535,700","78,600","92,900","92,900","257,100","700,000","135,700","114,300","71,400","135,700","314,300","257,100","71,400","85,700","178,600","378,600","535,700","157,100","78,600","92,900","78,600","78,600","78,600","78,600","85,700","71,400","242,900","192,900","121,400","307,100","142,900","350,000","200,000","121,400","221,400","185,700","121,400","64,300","185,700","550,000","507,100","321,400","121,400","150,000","114,300","78,600","114,300","135,700","535,700","592,900","121,400","107,100","42,900","57,100","64,300","57,100","157,100","164,300","278,600","114,300","121,400","121,400","78,600","78,600","142,900","85,700","378,600","714,300","528,600","457,100","150,000","64,300","78,600","71,400","71,400","57,100","64,300","57,100","57,100","64,300","71,400","50,000","64,300","142,900","85,700","64,300","64,300","71,400","50,000","57,100","71,400","85,700","64,300","64,300","64,300","107,100","57,100","57,100","50,000","71,400","78,600","107,100","57,100","78,600","85,700","107,100","114,300","85,700","128,600","150,000","135,700","157,100","114,300","107,100","121,400","114,300","121,400","100,000","92,900","128,600","121,400","100,000","107,100","242,900","107,100","85,700","107,100","85,700","85,700","100,000","85,700","92,900","100,000","157,100","107,100","107,100","121,400","107,100","121,400","107,100","92,900","85,700","114,300","92,900","92,900","100,000","114,300","157,100","121,400","128,600","107,100","121,400","92,900","114,300","92,900","121,400","128,600","135,700","107,100","100,000","100,000","92,900","107,100","128,600","107,100","107,100","128,600","235,700","135,700","121,400","114,300","100,000","100,000","107,100","142,900","192,900","200,000","485,700","328,600","464,300","407,100","135,700","85,700","85,700","78,600","85,700","64,300","57,100","64,300","78,600","78,600","71,400","64,300","71,400","92,900","135,700","492,900","278,600","100,000","128,600","100,000","328,600","150,000","171,400","128,600","157,100","392,900","135,700","278,600","492,900","307,100","185,700","71,400","128,600","321,400","64,300","57,100","214,300","71,400","85,700","150,000","50,000","64,300","164,300","64,300","107,100","157,100","71,400","64,300","57,100","57,100","57,100","57,100","35,700","42,900","50,000","50,000","57,100","57,100","64,300","114,300","50,000","57,100","50,000","57,100"
"","leicester city","1,830,000","$0.13","0","203,600","330,900","916,400","229,100","356,400","560,000","356,400","356,400","254,500","330,900","330,900","178,200","254,500","356,400","458,200","381,800","280,000","229,100","330,900","178,200","127,300","229,100","407,300","330,900","229,100","203,600","407,300","763,600","305,500","305,500","178,200","381,800","280,000","356,400","610,900","610,900","330,900","178,200","229,100","127,300","178,200","127,300","152,700","152,700","890,900","865,500","1,349,100","610,900","712,700","483,600","483,600","1,170,900","585,500","229,100","127,300","330,900","585,500","585,500","1,680,000","229,100","534,500","356,400","280,000","356,400","534,500","483,600","1,578,200","229,100","101,800","127,300","101,800","101,800","101,800","356,400","407,300","967,300","407,300","305,500","738,200","127,300","330,900","865,500","661,800","2,087,300","763,600","509,100","1,069,100","356,400","178,200","254,500","152,700","152,700","101,800","127,300","101,800","76,400","127,300","203,600","738,200","407,300","687,300","432,700","534,500","509,100","330,900","687,300","229,100","458,200","229,100","407,300","432,700","407,300","661,800","127,300","152,700","432,700","152,700","229,100","1,781,800","916,400","381,800","687,300","407,300","381,800","585,500","254,500","356,400","840,000","840,000","1,298,200","280,000","381,800","483,600","560,000","534,500","203,600","687,300","229,100","610,900","865,500","203,600","178,200","178,200","152,700","178,200","152,700","152,700","152,700","178,200","763,600","1,629,100","2,112,700","560,000","814,500","814,500","407,300","254,500","585,500","916,400","432,700","229,100","1,018,200","636,400","407,300","1,272,700","610,900","534,500","992,700","305,500","432,700","636,400","1,629,100","661,800","483,600","610,900","1,196,400","229,100","483,600","610,900","1,069,100","661,800","127,300","381,800","1,323,600","610,900","381,800","203,600","178,200","203,600","152,700","127,300","127,300","636,400","890,900","1,196,400","941,800","1,552,700","509,100","280,000","127,300","76,400","101,800","76,400","101,800","101,800","76,400","101,800","76,400","101,800","76,400","76,400","76,400","509,100","229,100","458,200","661,800","712,700","178,200","916,400","610,900","152,700","712,700","534,500","2,545,500","1,349,100","865,500","865,500","254,500","305,500","330,900","1,069,100","407,300","840,000","178,200","229,100","585,500","229,100","280,000","305,500","152,700","254,500","534,500","229,100","229,100","203,600","178,200","152,700","127,300","127,300","76,400","101,800","127,300","127,300","127,300","127,300","152,700","1,145,500","330,900","127,300","127,300","178,200","203,600"
"","leeds united","4,090,000","$0.03","0","220,600","367,600","330,900","257,400","588,200","1,250,000","588,200","441,200","514,700","441,200","551,500","257,400","441,200","367,600","477,900","367,600","367,600","294,100","367,600","330,900","183,800","294,100","441,200","404,400","294,100","147,100","367,600","330,900","514,700","147,100","257,400","661,800","625,000","625,000","919,100","367,600","367,600","367,600","1,727,900","330,900","294,100","294,100","330,900","404,400","1,066,200","955,900","477,900","919,100","1,617,600","808,800","2,022,100","808,800","808,800","845,600","330,900","698,500","661,800","1,176,500","845,600","2,095,600","3,419,100","1,066,200","1,066,200","845,600","1,213,200","772,100","2,095,600","294,100","220,600","257,400","404,400","294,100","257,400","1,102,900","1,102,900","1,397,100","1,397,100","551,500","698,500","257,400","294,100","367,600","441,200","1,507,400","3,676,500","698,500","1,139,700","1,250,000","477,900","625,000","551,500","625,000","404,400","294,100","294,100","257,400","330,900","992,600","625,000","1,323,500","477,900","1,176,500","257,400","257,400","441,200","294,100","220,600","992,600","441,200","698,500","2,058,800","220,600","441,200","257,400","220,600","588,200","294,100","404,400","257,400","330,900","1,654,400","808,800","367,600","772,100","147,100","330,900","404,400","625,000","441,200","220,600","183,800","294,100","477,900","1,323,500","220,600","404,400","441,200","514,700","1,323,500","367,600","257,400","220,600","183,800","257,400","183,800","147,100","183,800","147,100","183,800","330,900","404,400","441,200","625,000","992,600","1,250,000","294,100","772,100","330,900","147,100","441,200","919,100","257,400","661,800","1,029,400","625,000","772,100","441,200","220,600","477,900","257,400","1,360,300","1,544,100","477,900","698,500","772,100","1,066,200","220,600","183,800","772,100","330,900","1,507,400","330,900","588,200","1,544,100","661,800","1,323,500","1,838,200","477,900","404,400","441,200","330,900","367,600","477,900","1,139,700","1,507,400","551,500","477,900","404,400","147,100","147,100","110,300","110,300","147,100","147,100","110,300","110,300","110,300","147,100","147,100","147,100","183,800","183,800","220,600","330,900","367,600","257,400","330,900","220,600","367,600","220,600","220,600","992,600","441,200","257,400","183,800","330,900","220,600","257,400","183,800","110,300","183,800","147,100","220,600","147,100","147,100","220,600","183,800","257,400","147,100","147,100","294,100","367,600","257,400","367,600","183,800","147,100","367,600","183,800","183,800","147,100","110,300","73,500","147,100","147,100","183,800","698,500","441,200","514,700","294,100","294,100","257,400","183,800"
"","southampton","823,000","$0.15","0.01","130,700","178,200","162,400","166,400","174,300","305,000","170,300","170,300","170,300","162,400","150,500","162,400","166,400","162,400","166,400","154,500","154,500","142,600","150,500","154,500","154,500","162,400","158,400","158,400","166,400","150,500","162,400","166,400","178,200","198,100","182,200","225,800","225,800","253,500","257,500","265,400","245,600","245,600","249,500","281,200","241,600","245,600","237,700","209,900","305,000","253,500","225,800","269,400","209,900","233,700","396,100","217,900","328,800","182,200","182,200","324,800","178,200","221,800","194,100","237,700","190,100","217,900","209,900","186,200","316,900","194,100","182,200","154,500","142,600","142,600","146,600","154,500","146,600","237,700","154,500","233,700","182,200","198,100","312,900","178,200","174,300","213,900","190,100","352,500","352,500","229,700","293,100","320,800","249,500","245,600","253,500","269,400","241,600","233,700","225,800","202,000","206,000","202,000","376,300","186,200","198,100","198,100","206,000","221,800","237,700","186,200","198,100","174,300","190,100","194,100","186,200","190,100","261,400","170,300","162,400","213,900","202,000","190,100","261,400","174,300","190,100","202,000","206,000","253,500","182,200","194,100","217,900","277,300","206,000","198,100","194,100","320,800","221,800","241,600","221,800","221,800","344,600","261,400","281,200","245,600","245,600","249,500","257,500","285,200","265,400","289,200","285,200","233,700","233,700","233,700","229,700","257,500","269,400","221,800","277,300","209,900","206,000","206,000","186,200","202,000","257,500","245,600","202,000","245,600","206,000","384,200","257,500","225,800","206,000","332,700","194,100","202,000","301,000","206,000","281,200","245,600","178,200","174,300","202,000","245,600","202,000","273,300","206,000","202,000","265,400","213,900","241,600","257,500","245,600","253,500","253,500","253,500","289,200","297,100","348,600","376,300","285,200","301,000","245,600","233,700","221,800","209,900","206,000","182,200","186,200","150,500","154,500","154,500","162,400","162,400","150,500","154,500","174,300","182,200","186,200","182,200","182,200","285,200","293,100","237,700","237,700","186,200","221,800","245,600","174,300","170,300","166,400","174,300","217,900","158,400","186,200","253,500","229,700","194,100","233,700","174,300","198,100","198,100","182,200","194,100","261,400","245,600","281,200","265,400","245,600","233,700","237,700","241,600","269,400","257,500","237,700","245,600","221,800","225,800","209,900","194,100","174,300","182,200","198,100","174,300","198,100","225,800"
"","watford","450,000","$0.13","0.01","95,200","179,800","126,900","148,100","148,100","137,500","158,700","169,200","201,000","179,800","158,700","158,700","148,100","179,800","158,700","116,300","158,700","148,100","148,100","137,500","126,900","148,100","137,500","148,100","137,500","137,500","148,100","137,500","158,700","126,900","126,900","148,100","148,100","158,700","158,700","179,800","169,200","158,700","169,200","190,400","201,000","158,700","158,700","148,100","158,700","158,700","148,100","137,500","137,500","158,700","148,100","179,800","169,200","169,200","148,100","169,200","169,200","179,800","201,000","179,800","158,700","158,700","158,700","158,700","158,700","169,200","169,200","137,500","169,200","148,100","158,700","116,300","137,500","169,200","148,100","158,700","158,700","158,700","158,700","148,100","158,700","158,700","148,100","169,200","179,800","201,000","275,000","211,500","169,200","211,500","158,700","158,700","169,200","158,700","158,700","158,700","148,100","275,000","179,800","222,100","190,400","232,700","349,000","201,000","201,000","338,500","211,500","243,300","433,700","285,600","497,100","190,400","253,800","222,100","232,700","327,900","211,500","232,700","349,000","137,500","201,000","285,600","761,500","253,800","729,800","338,500","169,200","201,000","317,300","412,500","201,000","222,100","243,300","222,100","243,300","327,900","264,400","349,000","275,000","190,400","253,800","169,200","158,700","179,800","158,700","158,700","158,700","169,200","148,100","158,700","158,700","169,200","158,700","169,200","201,000","158,700","201,000","158,700","190,400","243,300","169,200","169,200","169,200","190,400","158,700","211,500","169,200","179,800","201,000","338,500","169,200","158,700","169,200","158,700","179,800","158,700","169,200","148,100","148,100","169,200","190,400","190,400","169,200","158,700","190,400","201,000","201,000","222,100","148,100","158,700","137,500","169,200","359,600","581,700","327,900","359,600","486,500","222,100","232,700","148,100","148,100","137,500","158,700","137,500","137,500","116,300","148,100","137,500","137,500","137,500","148,100","158,700","179,800","465,400","1,057,700","179,800","190,400","232,700","211,500","285,600","359,600","211,500","412,500","634,600","243,300","507,700","275,000","211,500","179,800","169,200","327,900","433,700","201,000","338,500","211,500","190,400","253,800","518,300","222,100","190,400","201,000","243,300","232,700","275,000","211,500","222,100","211,500","211,500","179,800","222,100","222,100","222,100","222,100","222,100","380,800","465,400","317,300","264,400","391,300","433,700","476,000","285,600"
"","norwich city","368,000","$0.11","0","92,000","168,700","92,000","168,700","230,000","92,000","153,300","245,300","138,000","1,088,700","184,000","214,700","168,700","230,000","122,700","76,700","138,000","107,300","122,700","92,000","92,000","138,000","92,000","168,700","138,000","122,700","107,300","184,000","168,700","153,300","122,700","138,000","199,300","230,000","184,000","153,300","76,700","107,300","92,000","61,300","92,000","76,700","76,700","92,000","92,000","107,300","92,000","92,000","92,000","122,700","138,000","184,000","138,000","107,300","92,000","184,000","107,300","107,300","199,300","168,700","122,700","168,700","107,300","153,300","153,300","184,000","199,300","92,000","138,000","92,000","92,000","92,000","92,000","138,000","168,700","153,300","184,000","153,300","199,300","76,700","92,000","230,000","168,700","276,000","429,300","398,700","199,300","184,000","138,000","122,700","107,300","107,300","107,300","107,300","107,300","92,000","107,300","475,300","306,700","276,000","168,700","214,700","368,000","1,257,300","107,300","138,000","92,000","184,000","506,000","720,700","291,300","521,300","659,300","214,700","153,300","490,700","337,300","107,300","674,700","107,300","414,000","1,487,300","306,700","352,700","199,300","184,000","429,300","199,300","996,700","138,000","138,000","214,700","950,700","306,700","598,000","199,300","828,000","1,042,700","1,027,300","184,000","107,300","122,700","122,700","107,300","107,300","122,700","76,700","107,300","76,700","92,000","76,700","92,000","122,700","107,300","245,300","214,700","168,700","92,000","76,700","184,000","92,000","184,000","138,000","138,000","92,000","199,300","107,300","153,300","92,000","107,300","107,300","122,700","138,000","122,700","122,700","138,000","76,700","46,000","107,300","138,000","92,000","76,700","107,300","107,300","92,000","92,000","138,000","107,300","61,300","107,300","122,700","76,700","398,700","184,000","1,533,300","398,700","1,134,700","1,349,300","230,000","61,300","76,700","61,300","46,000","46,000","76,700","61,300","61,300","61,300","46,000","61,300","76,700","107,300","107,300","1,134,700","966,000","383,300","1,426,000","122,700","168,700","858,700","260,700","843,300","383,300","1,012,000","414,000","276,000","736,000","153,300","138,000","76,700","276,000","1,027,300","153,300","107,300","107,300","138,000","168,700","659,300","1,150,000","107,300","230,000","322,000","260,700","1,104,000","107,300","138,000","107,300","107,300","92,000","92,000","92,000","92,000","61,300","122,700","92,000","107,300","168,700","138,000","184,000","168,700","122,700","92,000"